height,time,type,date
0.4511641708003819,09:23:00,high,2020-11-10
0.4029410667155952,21:58:00,high,2020-11-10
0.5823327616448274,10:18:00,high,2020-11-11
0.5193209839990275,22:50:00,high,2020-11-11
0.7056348194924802,11:05:00,high,2020-11-12
0.6218135995702243,23:35:00,high,2020-11-12
0.8017398422353816,11:48:00,high,2020-11-13
0.696461156843829,00:17:00,high,2020-11-14
0.8571031406684956,12:30:00,high,2020-11-14
0.7347359657093903,00:58:00,high,2020-11-15
0.8640081093727789,13:11:00,high,2020-11-15
0.7331959702124242,01:39:00,high,2020-11-16
0.8212249251253805,13:52:00,high,2020-11-16
0.6935809136357599,02:20:00,high,2020-11-17
0.7340927349250054,14:34:00,high,2020-11-17
0.6225487876428062,03:03:00,high,2020-11-18
0.6137488086295888,15:18:00,high,2020-11-18
0.5310285306230275,03:49:00,high,2020-11-19
0.4758173303643832,16:04:00,high,2020-11-19
0.4337207245963075,04:41:00,high,2020-11-20
0.3396125733428186,16:59:00,high,2020-11-20
0.3498634493440876,05:43:00,high,2020-11-21
0.2300846118783109,18:09:00,high,2020-11-21
0.3046745907144039,07:02:00,high,2020-11-22
0.180153877062781,19:41:00,high,2020-11-22
0.3162735495121564,08:27:00,high,2020-11-23
0.20148190479609,21:08:00,high,2020-11-23
0.3675928665422567,09:33:00,high,2020-11-24
0.2598726910276927,22:08:00,high,2020-11-24
0.4301902280533763,10:21:00,high,2020-11-25
0.3270827302069299,22:52:00,high,2020-11-25
0.4899459576451235,10:59:00,high,2020-11-26
0.3919855626699767,23:27:00,high,2020-11-26
0.541298925587641,11:33:00,high,2020-11-27
0.4491629022684597,00:00:00,high,2020-11-28
0.5812060968069543,12:04:00,high,2020-11-28
0.4947281099222156,00:31:00,high,2020-11-29
0.6072326892845493,12:35:00,high,2020-11-29
0.5259410417522631,01:03:00,high,2020-11-30
0.6173476293434913,13:06:00,high,2020-11-30
0.541600268804214,01:35:00,high,2020-12-01
0.6101119335818332,13:39:00,high,2020-12-01
0.5421138039465488,02:08:00,high,2020-12-02
0.5848285400000258,14:13:00,high,2020-12-02
0.5291412156579457,02:43:00,high,2020-12-03
0.5417852901295312,14:50:00,high,2020-12-03
0.5052915763650648,03:23:00,high,2020-12-04
0.4830357862812286,15:32:00,high,2020-12-04
0.474643878788494,04:08:00,high,2020-12-05
0.4143275210652914,16:22:00,high,2020-12-05
0.4447243718223481,05:02:00,high,2020-12-06
0.3486849619659791,17:24:00,high,2020-12-06
0.4292748597367307,06:07:00,high,2020-12-07
0.3095340485215062,18:40:00,high,2020-12-07
0.4461575927210615,07:21:00,high,2020-12-08
0.3208525854038415,20:02:00,high,2020-12-08
0.502492015003742,08:34:00,high,2020-12-09
0.3811959564478765,21:17:00,high,2020-12-09
0.5842200366893737,09:39:00,high,2020-12-10
0.4660298824840274,22:19:00,high,2020-12-10
0.6685026511114683,10:36:00,high,2020-12-11
0.5515265224025647,23:12:00,high,2020-12-11
0.7359724261448343,11:26:00,high,2020-12-12
0.6216150778344911,00:01:00,high,2020-12-13
0.7735766398849397,12:14:00,high,2020-12-13
0.666611871276731,00:46:00,high,2020-12-14
0.7746098581594328,12:59:00,high,2020-12-14
0.6820030007300699,01:30:00,high,2020-12-15
0.7383925717173335,13:43:00,high,2020-12-15
0.6677956568999219,02:13:00,high,2020-12-16
0.6695533271494187,14:26:00,high,2020-12-16
0.6278402623505274,02:56:00,high,2020-12-17
0.5767629707814554,15:08:00,high,2020-12-17
0.5689070996963231,03:39:00,high,2020-12-18
0.4710658215690384,15:51:00,high,2020-12-18
0.49963615714674,04:24:00,high,2020-12-19
0.3642628768073804,16:37:00,high,2020-12-19
0.4297202881513985,05:12:00,high,2020-12-20
0.2681555346441595,17:28:00,high,2020-12-20
0.3697680230733289,06:06:00,high,2020-12-21
0.195676759802394,18:30:00,high,2020-12-21
0.3314604294527548,07:10:00,high,2020-12-22
0.1623194264942425,19:45:00,high,2020-12-22
0.3242947470502098,08:18:00,high,2020-12-23
0.1765772535531957,21:02:00,high,2020-12-23
0.347113333711926,09:21:00,high,2020-12-24
0.2259333017679071,22:05:00,high,2020-12-24
0.3888197127719478,10:14:00,high,2020-12-25
0.2913065520437743,22:54:00,high,2020-12-25
0.4383867540903612,10:58:00,high,2020-12-26
0.3603540101533056,23:36:00,high,2020-12-26
0.4882067953046148,11:38:00,high,2020-12-27
0.426147101433367,00:13:00,high,2020-12-28
0.5329713078248746,12:15:00,high,2020-12-28
0.4847783874145114,00:48:00,high,2020-12-29
0.56861558874645,12:51:00,high,2020-12-29
0.5341316381187201,01:23:00,high,2020-12-30
0.5917628358798415,13:27:00,high,2020-12-30
0.5728965303151543,01:58:00,high,2020-12-31
0.5994409749111262,14:04:00,high,2020-12-31
0.5996800513877288,02:33:00,high,2021-01-01
0.5891337717307827,14:42:00,high,2021-01-01
0.6126180537469811,03:12:00,high,2021-01-02
0.5593694668224439,15:24:00,high,2021-01-02
0.6099264596394759,03:53:00,high,2021-01-03
0.5109940809675797,16:09:00,high,2021-01-03
0.5915488548391071,04:40:00,high,2021-01-04
0.4491974978923723,17:01:00,high,2021-01-04
0.5617127014904174,05:34:00,high,2021-01-05
0.3862488486379437,18:03:00,high,2021-01-05
0.5315880211377844,06:37:00,high,2021-01-06
0.3433878309723948,19:16:00,high,2021-01-06
0.518774499080488,07:49:00,high,2021-01-07
0.3440544789893105,20:36:00,high,2021-01-07
0.536967322465687,09:04:00,high,2021-01-08
0.392951494367536,21:52:00,high,2021-01-08
0.5816073980127695,10:13:00,high,2021-01-09
0.4702730859189616,22:57:00,high,2021-01-09
0.6337459209369832,11:13:00,high,2021-01-10
0.551558905786747,23:52:00,high,2021-01-10
0.6745466783704638,12:06:00,high,2021-01-11
0.6192492758168071,00:40:00,high,2021-01-12
0.6919017956507455,12:54:00,high,2021-01-12
0.6631234231894495,01:25:00,high,2021-01-13
0.6808673948282404,13:37:00,high,2021-01-13
0.6788867569438729,02:06:00,high,2021-01-14
0.6424342344353703,14:17:00,high,2021-01-14
0.6669472669189448,02:44:00,high,2021-01-15
0.5817751613326635,14:55:00,high,2021-01-15
0.6311316262575847,03:21:00,high,2021-01-16
0.5061669830660688,15:31:00,high,2021-01-16
0.5772158921688615,03:57:00,high,2021-01-17
0.4229209135699091,16:07:00,high,2021-01-17
0.5115081864786675,04:33:00,high,2021-01-18
0.33795162048692,16:43:00,high,2021-01-18
0.440010471581115,05:11:00,high,2021-01-19
0.2558875940228369,17:24:00,high,2021-01-19
0.3689226590574944,05:55:00,high,2021-01-20
0.1830794907096667,18:17:00,high,2021-01-20
0.3075307327992665,06:51:00,high,2021-01-21
0.135586433659139,19:33:00,high,2021-01-21
0.273138924577639,08:04:00,high,2021-01-22
0.1423158730764651,21:08:00,high,2021-01-22
0.284255144420849,09:24:00,high,2021-01-23
0.2049110727030938,22:26:00,high,2021-01-23
0.3351803237431818,10:30:00,high,2021-01-24
0.2934054909837992,23:19:00,high,2021-01-24
0.4057131392576816,11:21:00,high,2021-01-25
0.3887775061794394,00:01:00,high,2021-01-26
0.4810927020895661,12:03:00,high,2021-01-26
0.4825845438285548,00:37:00,high,2021-01-27
0.5518859096006442,12:41:00,high,2021-01-27
0.5698173574878109,01:10:00,high,2021-01-28
0.610857646919982,13:17:00,high,2021-01-28
0.6457162784411395,01:44:00,high,2021-01-29
0.6515030833622487,13:53:00,high,2021-01-29
0.7044686911092084,02:18:00,high,2021-01-30
0.6678158645016369,14:30:00,high,2021-01-30
0.7392855284502983,02:53:00,high,2021-01-31
0.654978479337685,15:08:00,high,2021-01-31
0.7437406247806999,03:32:00,high,2021-02-01
0.6107582825328414,15:50:00,high,2021-02-01
0.7140464704681779,04:14:00,high,2021-02-02
0.5374268252799896,16:35:00,high,2021-02-02
0.6519259114977073,05:02:00,high,2021-02-03
0.4444016428442158,17:29:00,high,2021-02-03
0.5682019338961911,05:59:00,high,2021-02-04
0.3527311484330914,18:35:00,high,2021-02-04
0.4876199194193979,07:10:00,high,2021-02-05
0.3006536908432888,20:00:00,high,2021-02-05
0.4487983697135858,08:36:00,high,2021-02-06
0.3261497862818007,21:33:00,high,2021-02-06
0.4733349901668586,10:01:00,high,2021-02-07
0.4144928317864979,22:50:00,high,2021-02-07
0.5353284228911513,11:09:00,high,2021-02-08
0.5201033921255241,23:48:00,high,2021-02-08
0.5981514599534304,12:04:00,high,2021-02-09
0.6127938442863611,00:34:00,high,2021-02-10
0.64076019368705,12:49:00,high,2021-02-10
0.6781623008214482,01:15:00,high,2021-02-11
0.6553904427362961,13:28:00,high,2021-02-11
0.7111700552021356,01:51:00,high,2021-02-12
0.6423957908925741,14:03:00,high,2021-02-12
0.7126706562335765,02:23:00,high,2021-02-13
0.6064355162931684,14:35:00,high,2021-02-13
0.6869378822305229,02:54:00,high,2021-02-14
0.553365434793356,15:04:00,high,2021-02-14
0.6394480005712357,03:23:00,high,2021-02-15
0.4879094655558687,15:33:00,high,2021-02-15
0.5751534128928256,03:52:00,high,2021-02-16
0.4126447227499216,16:02:00,high,2021-02-16
0.4977353566594392,04:21:00,high,2021-02-17
0.3286720880756382,16:34:00,high,2021-02-17
0.410171275214811,04:54:00,high,2021-02-18
0.2380699487005786,17:12:00,high,2021-02-18
0.3170654758943698,05:37:00,high,2021-02-19
0.1498249163683386,18:10:00,high,2021-02-19
0.2320257021960829,06:42:00,high,2021-02-20
0.1015534557279192,19:59:00,high,2021-02-20
0.1999833366132863,08:33:00,high,2021-02-21
0.157921611126541,22:01:00,high,2021-02-21
0.2578443522442477,10:11:00,high,2021-02-22
0.2713533015896766,23:04:00,high,2021-02-22
0.3577453378064922,11:09:00,high,2021-02-23
0.3965929627772619,23:45:00,high,2021-02-23
0.4658403626318639,11:51:00,high,2021-02-24
0.5211168187244308,00:18:00,high,2021-02-25
0.5676959357196847,12:28:00,high,2021-02-25
0.6373067693520647,00:50:00,high,2021-02-26
0.6534793010692908,13:02:00,high,2021-02-26
0.7367275389644553,01:22:00,high,2021-02-27
0.7143627658559694,13:37:00,high,2021-02-27
0.8094752056291418,01:55:00,high,2021-02-28
0.7423635158861149,14:12:00,high,2021-02-28
0.8454462438052089,02:30:00,high,2021-03-01
0.7314795612820031,14:48:00,high,2021-03-01
0.8366373191609121,03:07:00,high,2021-03-02
0.6793539837330086,15:27:00,high,2021-03-02
0.779770618564209,03:48:00,high,2021-03-03
0.5890631741931639,16:10:00,high,2021-03-03
0.6788311546084036,04:33:00,high,2021-03-04
0.4712458756184564,17:00:00,high,2021-03-04
0.5480463697073813,05:27:00,high,2021-03-05
0.348670783763951,18:04:00,high,2021-03-05
0.4184164120622275,06:39:00,high,2021-03-06
0.2686319454324126,19:35:00,high,2021-03-06
0.3488989838969267,08:19:00,high,2021-03-07
0.2948349371552761,21:24:00,high,2021-03-07
0.3819949673160173,09:58:00,high,2021-03-08
0.4036040031737776,22:44:00,high,2021-03-08
0.4662972462077115,11:07:00,high,2021-03-09
0.5246586173237814,23:38:00,high,2021-03-09
0.5475557767280758,11:57:00,high,2021-03-10
0.6251344952319566,00:20:00,high,2021-03-11
0.6050893691692726,12:36:00,high,2021-03-11
0.6938065826425023,00:55:00,high,2021-03-12
0.6344104333182005,13:10:00,high,2021-03-12
0.7288992384540816,01:27:00,high,2021-03-13
0.6378719288800291,13:40:00,high,2021-03-13
0.7333528800472274,01:55:00,high,2021-03-14
0.6199591135969661,14:08:00,high,2021-03-14
0.7118402912385442,02:22:00,high,2021-03-15
0.5844177187260197,14:34:00,high,2021-03-15
0.6686525538889234,02:47:00,high,2021-03-16
0.5330196539255735,15:00:00,high,2021-03-16
0.6066918894979815,03:13:00,high,2021-03-17
0.4659868699561967,15:27:00,high,2021-03-17
0.5276572230275449,03:40:00,high,2021-03-18
0.3835816902587156,15:56:00,high,2021-03-18
0.4331157051903381,04:09:00,high,2021-03-19
0.2882259433559198,16:32:00,high,2021-03-19
0.3263313862666198,04:46:00,high,2021-03-20
0.1882034297491285,17:22:00,high,2021-03-20
0.217667909968988,05:44:00,high,2021-03-21
0.1158933302263865,19:02:00,high,2021-03-21
0.1558140158689183,07:48:00,high,2021-03-22
0.1629299593075717,21:27:00,high,2021-03-22
0.2208895479322989,09:49:00,high,2021-03-23
0.2910378026079455,22:35:00,high,2021-03-23
0.3419307035817988,10:49:00,high,2021-03-24
0.4342542379781625,23:16:00,high,2021-03-24
0.4696836514059688,11:31:00,high,2021-03-25
0.5760771704691813,23:50:00,high,2021-03-25
0.5878068368542533,12:07:00,high,2021-03-26
0.7053540296140283,00:23:00,high,2021-03-27
0.6851188898821196,12:41:00,high,2021-03-27
0.8100359820463763,00:56:00,high,2021-03-28
0.7516494620885551,13:15:00,high,2021-03-28
0.8777331265727553,01:30:00,high,2021-03-29
0.7790797713172762,13:51:00,high,2021-03-29
0.8979119806945557,02:06:00,high,2021-03-30
0.7622411199591994,14:28:00,high,2021-03-30
0.8644520442263421,02:44:00,high,2021-03-31
0.7007222335317737,15:07:00,high,2021-03-31
0.7778282701824392,03:24:00,high,2021-04-01
0.6002180034168197,15:49:00,high,2021-04-01
0.6466867407756588,04:09:00,high,2021-04-02
0.4740118186603671,16:39:00,high,2021-04-02
0.4897257846328999,05:03:00,high,2021-04-03
0.3471370988290171,17:44:00,high,2021-04-03
0.3423952178351066,06:18:00,high,2021-04-04
0.2700396334831401,19:19:00,high,2021-04-04
0.2728041191309766,08:09:00,high,2021-04-05
0.3061083650478093,21:11:00,high,2021-04-05
0.3198519024995511,09:51:00,high,2021-04-06
0.4153842718824658,22:27:00,high,2021-04-06
0.4101761149713878,10:55:00,high,2021-04-07
0.5274863176506857,23:17:00,high,2021-04-07
0.4923107608042875,11:39:00,high,2021-04-08
0.6165460216019261,23:55:00,high,2021-04-08
0.5523683258436768,12:15:00,high,2021-04-09
0.6761453812596323,00:27:00,high,2021-04-10
0.5891912494844799,12:45:00,high,2021-04-10
0.7070802807153701,00:56:00,high,2021-04-11
0.6052657887435247,13:13:00,high,2021-04-11
0.7126279253388588,01:22:00,high,2021-04-12
0.602918520562864,13:39:00,high,2021-04-12
0.6959702530629549,01:48:00,high,2021-04-13
0.5829156347471073,14:05:00,high,2021-04-13
0.659064857062246,02:13:00,high,2021-04-14
0.5448289411029237,14:32:00,high,2021-04-14
0.6027615702434659,02:40:00,high,2021-04-15
0.4884119564121241,15:00:00,high,2021-04-15
0.5276766800599522,03:08:00,high,2021-04-16
0.4151097537145694,15:32:00,high,2021-04-16
0.4353274067646041,03:39:00,high,2021-04-17
0.3294400362280004,16:09:00,high,2021-04-17
0.3297888175352953,04:19:00,high,2021-04-18
0.2420706782289665,17:02:00,high,2021-04-18
0.2233720211012371,05:20:00,high,2021-04-19
0.1836060577917526,18:31:00,high,2021-04-19
0.1628344641199577,07:12:00,high,2021-04-20
0.2195487501880199,20:31:00,high,2021-04-20
0.2184116712481632,09:09:00,high,2021-04-21
0.3374824935277041,21:46:00,high,2021-04-21
0.3366130198739053,10:14:00,high,2021-04-22
0.4791957278857645,22:35:00,high,2021-04-22
0.4648779878472633,11:00:00,high,2021-04-23
0.6198738593846316,23:14:00,high,2021-04-23
0.5832991156501294,11:39:00,high,2021-04-24
0.7437057186608552,23:52:00,high,2021-04-24
0.6792183789956362,12:16:00,high,2021-04-25
0.836477165117414,00:29:00,high,2021-04-26
0.7425162973181686,12:53:00,high,2021-04-26
0.8860440268324877,01:06:00,high,2021-04-27
0.7659362338233029,13:31:00,high,2021-04-27
0.8843411264656174,01:44:00,high,2021-04-28
0.7463279939716633,14:10:00,high,2021-04-28
0.8292790464702257,02:24:00,high,2021-04-29
0.6857510059916663,14:51:00,high,2021-04-29
0.7259028331358185,03:07:00,high,2021-04-30
0.592176701861088,15:36:00,high,2021-04-30
0.5867937991817709,03:54:00,high,2021-05-01
0.4802348392363391,16:28:00,high,2021-05-01
0.4327336144830485,04:49:00,high,2021-05-02
0.3738252886241182,17:32:00,high,2021-05-02
0.2970328054581153,06:04:00,high,2021-05-03
0.3124547964706391,19:01:00,high,2021-05-03
0.2330316053717177,07:47:00,high,2021-05-04
0.3344660658843971,20:39:00,high,2021-05-04
0.2651741454497113,09:23:00,high,2021-05-05
0.4121380554643256,21:52:00,high,2021-05-05
0.3375065214494538,10:26:00,high,2021-05-06
0.4955775493977285,22:42:00,high,2021-05-06
0.4086604509273444,11:10:00,high,2021-05-07
0.5639127427097218,23:21:00,high,2021-05-07
0.4670299688932336,11:46:00,high,2021-05-08
0.6122175636687015,23:53:00,high,2021-05-08
0.510828845483893,12:16:00,high,2021-05-09
0.6409000840127385,00:23:00,high,2021-05-10
0.5400917233060172,12:45:00,high,2021-05-10
0.6513182929866932,00:50:00,high,2021-05-11
0.5542160959621655,13:13:00,high,2021-05-11
0.6441194520902905,01:18:00,high,2021-05-12
0.5519524303495976,13:41:00,high,2021-05-12
0.6191364653404354,01:46:00,high,2021-05-13
0.532458431101752,14:11:00,high,2021-05-13
0.5760677640555543,02:15:00,high,2021-05-14
0.4964030488086826,14:43:00,high,2021-05-14
0.5153345060838925,02:48:00,high,2021-05-15
0.4466406491187164,15:18:00,high,2021-05-15
0.4389764286041989,03:24:00,high,2021-05-16
0.3888126255282182,16:00:00,high,2021-05-16
0.3522988431033119,04:09:00,high,2021-05-17
0.3333366730788134,16:53:00,high,2021-05-17
0.2686119736172959,05:10:00,high,2021-05-18
0.3007237371279862,18:05:00,high,2021-05-18
0.2195584142456776,06:37:00,high,2021-05-19
0.3212803857530752,19:31:00,high,2021-05-19
0.2439351869475986,08:13:00,high,2021-05-20
0.401742648231418,20:48:00,high,2021-05-20
0.3294453771614555,09:27:00,high,2021-05-21
0.5142305848483032,21:47:00,high,2021-05-21
0.4372596889354798,10:23:00,high,2021-05-22
0.6310743117754959,22:37:00,high,2021-05-22
0.5427753419227179,11:10:00,high,2021-05-23
0.7326116026304297,23:22:00,high,2021-05-23
0.631101490566075,11:53:00,high,2021-05-24
0.8040852495264519,00:05:00,high,2021-05-25
0.6920432814447999,12:35:00,high,2021-05-25
0.8351623362616782,00:47:00,high,2021-05-26
0.7192756405044217,13:17:00,high,2021-05-26
0.8207807475579911,01:29:00,high,2021-05-27
0.7107313094749691,13:59:00,high,2021-05-27
0.7618824033320495,02:13:00,high,2021-05-28
0.6689673558177058,14:43:00,high,2021-05-28
0.6654646223311738,02:57:00,high,2021-05-29
0.6011553236597407,15:29:00,high,2021-05-29
0.5439420324643095,03:45:00,high,2021-05-30
0.5188115118683088,16:20:00,high,2021-05-30
0.4143338657788223,04:38:00,high,2021-05-31
0.4377171098357282,17:18:00,high,2021-05-31
0.2983695001329045,05:42:00,high,2021-06-01
0.3779341555103193,18:27:00,high,2021-06-01
0.2232032567512399,07:02:00,high,2021-06-02
0.3587235501505125,19:45:00,high,2021-06-02
0.2098444540640731,08:28:00,high,2021-06-03
0.3807089836395357,20:57:00,high,2021-06-03
0.2451639194400574,09:39:00,high,2021-06-04
0.4234208518331709,21:54:00,high,2021-06-04
0.2997005242525553,10:32:00,high,2021-06-05
0.4690597353292042,22:39:00,high,2021-06-05
0.3571060223732541,11:13:00,high,2021-06-06
0.5096909723394261,23:17:00,high,2021-06-06
0.4107493960396649,11:48:00,high,2021-06-07
0.5422601155967944,23:51:00,high,2021-06-07
0.4569810413796011,12:21:00,high,2021-06-08
0.5649276807138198,00:23:00,high,2021-06-09
0.4929277067703373,12:53:00,high,2021-06-09
0.5758656571858484,00:55:00,high,2021-06-10
0.5165012448520883,13:26:00,high,2021-06-10
0.5733193047043287,01:28:00,high,2021-06-11
0.526885009986084,13:59:00,high,2021-06-11
0.5560401818247604,02:02:00,high,2021-06-12
0.5247008380012764,14:33:00,high,2021-06-12
0.5236835559832667,02:38:00,high,2021-06-13
0.5117756921376957,15:10:00,high,2021-06-13
0.4772367419723366,03:17:00,high,2021-06-14
0.4909476393483124,15:51:00,high,2021-06-14
0.4198936757158007,04:02:00,high,2021-06-15
0.4665970712402867,16:39:00,high,2021-06-15
0.3589599009087586,04:56:00,high,2021-06-16
0.4463076863908269,17:34:00,high,2021-06-16
0.3088219197571852,06:01:00,high,2021-06-17
0.442331362649849,18:40:00,high,2021-06-17
0.2909243522938238,07:17:00,high,2021-06-18
0.4675248353219655,19:51:00,high,2021-06-18
0.3202001535992128,08:35:00,high,2021-06-19
0.5235722380217313,21:00:00,high,2021-06-19
0.3885634051437473,09:44:00,high,2021-06-20
0.5971758865961369,22:02:00,high,2021-06-20
0.4748217689857179,10:43:00,high,2021-06-21
0.6698444171337963,22:57:00,high,2021-06-21
0.5600311522962758,11:35:00,high,2021-06-22
0.7256472706933353,23:48:00,high,2021-06-22
0.6305750136456545,12:23:00,high,2021-06-23
0.7534605324372707,00:36:00,high,2021-06-24
0.6774000259847522,13:09:00,high,2021-06-24
0.7474403620011368,01:22:00,high,2021-06-25
0.69560420310506,13:54:00,high,2021-06-25
0.7070344569172186,02:07:00,high,2021-06-26
0.68431994897789,14:37:00,high,2021-06-26
0.636521079172928,02:51:00,high,2021-06-27
0.6464462438900505,15:21:00,high,2021-06-27
0.5440119041118604,03:35:00,high,2021-06-28
0.5880621578119323,16:06:00,high,2021-06-28
0.4400848062354799,04:20:00,high,2021-06-29
0.5176194313025108,16:52:00,high,2021-06-29
0.3365014060924534,05:08:00,high,2021-06-30
0.4452325925620963,17:42:00,high,2021-06-30
0.2458190160134673,06:03:00,high,2021-07-01
0.3824378459903519,18:38:00,high,2021-07-01
0.182623280576981,07:09:00,high,2021-07-02
0.3417717901998516,19:42:00,high,2021-07-02
0.1627081138073297,08:27:00,high,2021-07-03
0.3323418803155136,20:50:00,high,2021-07-03
0.1892361575081415,09:41:00,high,2021-07-04
0.3518651488591852,21:51:00,high,2021-07-04
0.2456203370107867,10:40:00,high,2021-07-05
0.3894946812019347,22:43:00,high,2021-07-05
0.3144417314114223,11:26:00,high,2021-07-06
0.4350225249478122,23:27:00,high,2021-07-06
0.3852755669772747,12:06:00,high,2021-07-07
0.4811131991123484,00:06:00,high,2021-07-08
0.4519507227113442,12:41:00,high,2021-07-08
0.5222115279162224,00:42:00,high,2021-07-09
0.5106180698004599,13:15:00,high,2021-07-09
0.5538102522699437,01:18:00,high,2021-07-10
0.5589037862144252,13:49:00,high,2021-07-10
0.5721932066680269,01:53:00,high,2021-07-11
0.5951548236374035,14:22:00,high,2021-07-11
0.5743343810773508,02:29:00,high,2021-07-12
0.6176752113383239,14:57:00,high,2021-07-12
0.5579797598564148,03:07:00,high,2021-07-13
0.624396363669348,15:34:00,high,2021-07-13
0.5221661130780288,03:47:00,high,2021-07-14
0.6135009062588951,16:15:00,high,2021-07-14
0.4684715512099783,04:33:00,high,2021-07-15
0.5852837196636081,17:02:00,high,2021-07-15
0.4033116180635779,05:25:00,high,2021-07-16
0.5452414887579803,17:56:00,high,2021-07-16
0.3415432454196143,06:29:00,high,2021-07-17
0.5076436209038061,19:02:00,high,2021-07-17
0.309057018787287,07:47:00,high,2021-07-18
0.4947300221440474,20:18:00,high,2021-07-18
0.3312404979489841,09:10:00,high,2021-07-19
0.5211454616704433,21:35:00,high,2021-07-19
0.4049793014017969,10:25:00,high,2021-07-20
0.5767381934267741,22:43:00,high,2021-07-20
0.5026438967225098,11:26:00,high,2021-07-21
0.6376168239782141,23:41:00,high,2021-07-21
0.5980224460580363,12:18:00,high,2021-07-22
0.6833654930451103,00:32:00,high,2021-07-23
0.673583693770989,13:05:00,high,2021-07-23
0.7017034195288134,01:18:00,high,2021-07-24
0.7190899447689253,13:47:00,high,2021-07-24
0.6878919814407727,02:00:00,high,2021-07-25
0.7303254714130698,14:27:00,high,2021-07-25
0.6433365865855827,02:40:00,high,2021-07-26
0.708196820052273,15:05:00,high,2021-07-26
0.5738524693407537,03:17:00,high,2021-07-27
0.6575884363557198,15:41:00,high,2021-07-27
0.4875951197711674,03:53:00,high,2021-07-28
0.5858410855748982,16:16:00,high,2021-07-28
0.3929732246916533,04:28:00,high,2021-07-29
0.5011556033339,16:52:00,high,2021-07-29
0.297248543033923,05:06:00,high,2021-07-30
0.4116144158795983,17:32:00,high,2021-07-30
0.2070877558650508,05:51:00,high,2021-07-31
0.3261086751616107,18:19:00,high,2021-07-31
0.1340609508526981,06:55:00,high,2021-08-01
0.2597218309506822,19:27:00,high,2021-08-01
0.1091294608123968,08:34:00,high,2021-08-02
0.2403159118656202,20:56:00,high,2021-08-02
0.1600561945019181,10:12:00,high,2021-08-03
0.2788182339809714,22:16:00,high,2021-08-03
0.2520388658454343,11:13:00,high,2021-08-04
0.3492284163598434,23:12:00,high,2021-08-04
0.3540181481060514,11:55:00,high,2021-08-05
0.4291627711822197,23:56:00,high,2021-08-05
0.4542781798882218,12:30:00,high,2021-08-06
0.5064662350432116,00:33:00,high,2021-08-07
0.5471016015527919,13:02:00,high,2021-08-07
0.5732596878441992,01:07:00,high,2021-08-08
0.6283113436652428,13:32:00,high,2021-08-08
0.6233398887356643,01:40:00,high,2021-08-09
0.6934658502550428,14:03:00,high,2021-08-09
0.651262199180425,02:14:00,high,2021-08-10
0.7370566228884192,14:36:00,high,2021-08-10
0.6522624458353227,02:49:00,high,2021-08-11
0.7528300062241047,15:10:00,high,2021-08-11
0.6229470103363789,03:26:00,high,2021-08-12
0.7353354410902313,15:48:00,high,2021-08-12
0.5627417249668935,04:07:00,high,2021-08-13
0.6824955374125622,16:30:00,high,2021-08-13
0.4761779958291104,04:54:00,high,2021-08-14
0.5991136161709586,17:20:00,high,2021-08-14
0.3768854757339711,05:51:00,high,2021-08-15
0.5022540418137404,18:23:00,high,2021-08-15
0.2958524293160304,07:08:00,high,2021-08-16
0.4293068100693805,19:45:00,high,2021-08-16
0.2858555283639518,08:47:00,high,2021-08-17
0.427283254963333,21:20:00,high,2021-08-17
0.3668796437466772,10:17:00,high,2021-08-18
0.4919018076267171,22:40:00,high,2021-08-18
0.4896070473123385,11:22:00,high,2021-08-19
0.5755247805934763,23:40:00,high,2021-08-19
0.6087291367943213,12:12:00,high,2021-08-20
0.6441001991182145,00:28:00,high,2021-08-21
0.7011585434735078,12:55:00,high,2021-08-21
0.6821102863472824,01:10:00,high,2021-08-22
0.7563466633543952,13:32:00,high,2021-08-22
0.6853598579446506,01:47:00,high,2021-08-23
0.7717169917713269,14:07:00,high,2021-08-23
0.6566177860000254,02:20:00,high,2021-08-24
0.7503604483281691,14:39:00,high,2021-08-24
0.6024407744885821,02:51:00,high,2021-08-25
0.6988569651305496,15:09:00,high,2021-08-25
0.5303234920128556,03:20:00,high,2021-08-26
0.6249672867107718,15:37:00,high,2021-08-26
0.446446106199447,03:49:00,high,2021-08-27
0.5356653114031226,16:06:00,high,2021-08-27
0.3546755103467298,04:18:00,high,2021-08-28
0.4361934021316806,16:35:00,high,2021-08-28
0.2574190406080929,04:52:00,high,2021-08-29
0.3308331058795585,17:11:00,high,2021-08-29
0.1594867221295705,05:39:00,high,2021-08-30
0.227479819177928,18:04:00,high,2021-08-30
0.0852843513865957,07:14:00,high,2021-08-31
0.1611670121527133,19:54:00,high,2021-08-31
0.1221344263198496,09:49:00,high,2021-09-01
0.2031815797510338,21:58:00,high,2021-09-01
0.2381363317492909,10:58:00,high,2021-09-02
0.3037488179633226,23:01:00,high,2021-09-02
0.3651490503974871,11:37:00,high,2021-09-03
0.414055703517141,23:42:00,high,2021-09-03
0.4896685414707484,12:09:00,high,2021-09-04
0.5185946640986323,00:17:00,high,2021-09-05
0.605562459938021,12:38:00,high,2021-09-05
0.6086803881981291,00:49:00,high,2021-09-06
0.7066910425269769,13:07:00,high,2021-09-06
0.6770760823485846,01:21:00,high,2021-09-07
0.7854020778809169,13:38:00,high,2021-09-07
0.7169729522970053,01:53:00,high,2021-09-08
0.8327605182705369,14:10:00,high,2021-09-08
0.7223714235120045,02:27:00,high,2021-09-09
0.8401208840681912,14:44:00,high,2021-09-09
0.6893237603999643,03:03:00,high,2021-09-10
0.8015778901367877,15:21:00,high,2021-09-10
0.6177003319596104,03:42:00,high,2021-09-11
0.7167490169890005,16:02:00,high,2021-09-11
0.51339523746488,04:28:00,high,2021-09-12
0.5938648498201456,16:51:00,high,2021-09-12
0.3921094633171625,05:24:00,high,2021-09-13
0.455183654161699,17:54:00,high,2021-09-13
0.2898144119409243,06:44:00,high,2021-09-14
0.3508541030409633,19:26:00,high,2021-09-14
0.2769486375963289,08:34:00,high,2021-09-15
0.3518079620183384,21:16:00,high,2021-09-15
0.3763317159666632,10:09:00,high,2021-09-16
0.4375554045958009,22:37:00,high,2021-09-16
0.511563292882305,11:11:00,high,2021-09-17
0.5355515192718713,23:33:00,high,2021-09-17
0.6323361092026182,11:57:00,high,2021-09-18
0.6114838958090506,00:16:00,high,2021-09-19
0.7193084636329771,12:35:00,high,2021-09-19
0.6546198020728554,00:53:00,high,2021-09-20
0.7663601241803042,13:09:00,high,2021-09-20
0.6647068361072523,01:25:00,high,2021-09-21
0.7747539394048247,13:39:00,high,2021-09-21
0.6464993978233324,01:55:00,high,2021-09-22
0.7500003200994846,14:08:00,high,2021-09-22
0.6062379804924333,02:22:00,high,2021-09-23
0.6991152840709066,14:34:00,high,2021-09-23
0.5491446566398726,02:48:00,high,2021-09-24
0.6283747913568688,15:00:00,high,2021-09-24
0.4782771350446396,03:14:00,high,2021-09-25
0.5421241228209921,15:25:00,high,2021-09-25
0.3949840291821989,03:42:00,high,2021-09-26
0.4429437977292188,15:53:00,high,2021-09-26
0.3007284943126345,04:14:00,high,2021-09-27
0.3331165315686162,16:25:00,high,2021-09-27
0.2004707400409185,04:58:00,high,2021-09-28
0.218399077621397,17:13:00,high,2021-09-28
0.1156073436637973,06:23:00,high,2021-09-29
0.1302117286756486,19:02:00,high,2021-09-29
0.1369533101506572,09:05:00,high,2021-09-30
0.1710370378194649,21:31:00,high,2021-09-30
0.2580761183811186,10:22:00,high,2021-10-01
0.2862303568755827,22:36:00,high,2021-10-01
0.3948660934625286,11:03:00,high,2021-10-02
0.4100397277317789,23:17:00,high,2021-10-02
0.5303244977887591,11:35:00,high,2021-10-03
0.5262001482993196,23:52:00,high,2021-10-03
0.6559797839092197,12:06:00,high,2021-10-04
0.6256008323145011,00:24:00,high,2021-10-05
0.7626176087207155,12:37:00,high,2021-10-05
0.700157300489457,00:56:00,high,2021-10-06
0.8396539862339532,13:09:00,high,2021-10-06
0.7423183076091918,01:30:00,high,2021-10-07
0.8765597814473464,13:43:00,high,2021-10-07
0.7460595961070128,02:05:00,high,2021-10-08
0.8652201984743114,14:19:00,high,2021-10-08
0.7084830223493501,02:42:00,high,2021-10-09
0.8024665053515022,14:58:00,high,2021-10-09
0.631554588432496,03:24:00,high,2021-10-10
0.6922864722725486,15:41:00,high,2021-10-10
0.523988122765479,04:10:00,high,2021-10-11
0.5480095132125916,16:32:00,high,2021-10-11
0.4046736166602241,05:09:00,high,2021-10-12
0.3971483367914485,17:38:00,high,2021-10-12
0.3124890583780046,06:32:00,high,2021-10-13
0.2953242669281833,19:16:00,high,2021-10-13
0.3122714823898918,08:21:00,high,2021-10-14
0.3073111046367722,21:06:00,high,2021-10-14
0.4077164786782584,09:49:00,high,2021-10-15
0.3927000278315173,22:22:00,high,2021-10-15
0.5256965752404263,10:48:00,high,2021-10-16
0.4824982259837285,23:14:00,high,2021-10-16
0.6250321485317156,11:31:00,high,2021-10-17
0.5507542950226897,23:55:00,high,2021-10-17
0.6921324006910159,12:08:00,high,2021-10-18
0.5917107671634054,00:29:00,high,2021-10-19
0.7250039777736573,12:40:00,high,2021-10-19
0.6071896416080819,00:59:00,high,2021-10-20
0.7271528778213643,13:08:00,high,2021-10-20
0.6013742507723462,01:27:00,high,2021-10-21
0.7040506455160257,13:35:00,high,2021-10-21
0.5779499056728256,01:54:00,high,2021-10-22
0.6606740583238765,14:01:00,high,2021-10-22
0.5389233313343716,02:21:00,high,2021-10-23
0.6002845511817152,14:27:00,high,2021-10-23
0.4850089743069934,02:49:00,high,2021-10-24
0.5245507636641945,14:55:00,high,2021-10-24
0.4170776447417236,03:19:00,high,2021-10-25
0.434687484158629,15:25:00,high,2021-10-25
0.3380617235437316,03:56:00,high,2021-10-26
0.3333218978401026,16:02:00,high,2021-10-26
0.2558869237127666,04:44:00,high,2021-10-27
0.228657900230022,16:55:00,high,2021-10-27
0.1928409693689635,06:01:00,high,2021-10-28
0.1520611428219278,18:31:00,high,2021-10-28
0.203408599982891,07:57:00,high,2021-10-29
0.1751054488173595,20:37:00,high,2021-10-29
0.2991633576451619,09:22:00,high,2021-10-30
0.2751082774581674,21:52:00,high,2021-10-30
0.4255009618961792,10:13:00,high,2021-10-31
0.3926419777533054,22:40:00,high,2021-10-31
0.555789388127263,10:53:00,high,2021-11-01
0.506193705739496,23:19:00,high,2021-11-01
0.6761663111038682,11:30:00,high,2021-11-02
0.6045875277305539,23:56:00,high,2021-11-02
0.774358688272803,12:06:00,high,2021-11-03
0.678852137460273,00:32:00,high,2021-11-04
0.838705058630119,12:43:00,high,2021-11-04
0.7214725136632021,01:09:00,high,2021-11-05
0.8597229345385369,13:21:00,high,2021-11-05
0.7273965852369231,01:48:00,high,2021-11-06
0.8322027213300391,14:01:00,high,2021-11-06
0.6954243186799322,02:28:00,high,2021-11-07
0.7569806369136561,14:43:00,high,2021-11-07
0.6294820720049722,03:13:00,high,2021-11-08
0.6420937208440407,15:29:00,high,2021-11-08
0.5398088758366707,04:03:00,high,2021-11-09
0.5037156968851588,16:23:00,high,2021-11-09
0.4448681248887292,05:03:00,high,2021-11-10
0.3685946820962051,17:29:00,high,2021-11-10
0.3749647211872634,06:19:00,high,2021-11-11
0.2789095945068102,18:58:00,high,2021-11-11
0.3670660827042384,07:50:00,high,2021-11-12
0.2733191362761369,20:35:00,high,2021-11-12
0.4220454446756653,09:12:00,high,2021-11-13
0.3277532786087874,21:51:00,high,2021-11-13
0.4978858325883936,10:12:00,high,2021-11-14
0.394106338017493,22:44:00,high,2021-11-14
0.5639815376853915,10:57:00,high,2021-11-15
0.4505291663800077,23:26:00,high,2021-11-15
0.6094445962945946,11:35:00,high,2021-11-16
0.4916396194819226,00:01:00,high,2021-11-17
0.6331739485847079,12:08:00,high,2021-11-17
0.5177591604946097,00:32:00,high,2021-11-18
0.6377226357533341,12:38:00,high,2021-11-18
0.5301673876378624,01:02:00,high,2021-11-19
0.6259725981940004,13:07:00,high,2021-11-19
0.5293427268555932,01:31:00,high,2021-11-20
0.5996314013535253,13:36:00,high,2021-11-20
0.5150179299400094,02:02:00,high,2021-11-21
0.5591806742874253,14:05:00,high,2021-11-21
0.4872035680704697,02:33:00,high,2021-11-22
0.5047478502064286,14:37:00,high,2021-11-22
0.4473694895638333,03:08:00,high,2021-11-23
0.4373439012159573,15:12:00,high,2021-11-23
0.3994139602811586,03:48:00,high,2021-11-24
0.3603874186388817,15:54:00,high,2021-11-24
0.3508817464485462,04:36:00,high,2021-11-25
0.2825180065666094,16:48:00,high,2021-11-25
0.3155622000236128,05:38:00,high,2021-11-26
0.22365716402388,18:01:00,high,2021-11-26
0.3151211067542727,06:54:00,high,2021-11-27
0.2159956238857953,19:31:00,high,2021-11-27
0.3645826703184058,08:12:00,high,2021-11-28
0.2695996631376856,20:52:00,high,2021-11-28
0.4521335363758382,09:16:00,high,2021-11-29
0.358044446408989,21:54:00,high,2021-11-29
0.5548746208490055,10:09:00,high,2021-11-30
0.4561498410625795,22:44:00,high,2021-11-30
0.6540883585050441,10:56:00,high,2021-12-01
0.5484865958394126,23:29:00,high,2021-12-01
0.7351403365832057,11:40:00,high,2021-12-02
0.6243186209789089,00:12:00,high,2021-12-03
0.7864949719484678,12:23:00,high,2021-12-03
0.675657141409032,00:54:00,high,2021-12-04
0.800298211957719,13:07:00,high,2021-12-04
0.6973971655528216,01:37:00,high,2021-12-05
0.7734056901078433,13:51:00,high,2021-12-05
0.6880033310117145,02:22:00,high,2021-12-06
0.7080827167707474,14:36:00,high,2021-12-06
0.6500719489123147,03:08:00,high,2021-12-07
0.6120814391168644,15:24:00,high,2021-12-07
0.5905596178576784,03:57:00,high,2021-12-08
0.4982055278498678,16:15:00,high,2021-12-08
0.5207447894069983,04:52:00,high,2021-12-09
0.3838341794288137,17:14:00,high,2021-12-09
0.4559533306219809,05:54:00,high,2021-12-10
0.2906972553109344,18:23:00,high,2021-12-10
0.4136148266828202,07:04:00,high,2021-12-11
0.2413920649998999,19:42:00,high,2021-12-11
0.4049414084065897,08:17:00,high,2021-12-12
0.2433079674973536,21:00:00,high,2021-12-12
0.4239812699873191,09:23:00,high,2021-12-13
0.2785969848844956,22:04:00,high,2021-12-13
0.4546001488464266,10:16:00,high,2021-12-14
0.3261396846167058,22:54:00,high,2021-12-14
0.4852252287254636,11:00:00,high,2021-12-15
0.3749331833796822,23:35:00,high,2021-12-15
0.5110842808544717,11:39:00,high,2021-12-16
0.4202657775592067,00:11:00,high,2021-12-17
0.5305670398440421,12:14:00,high,2021-12-17
0.4593652649929141,00:45:00,high,2021-12-18
0.5424980652203701,12:47:00,high,2021-12-18
0.4898566622320882,01:18:00,high,2021-12-19
0.5452102132410042,13:20:00,high,2021-12-19
0.509835368732899,01:51:00,high,2021-12-20
0.5367820568571772,13:53:00,high,2021-12-20
0.518375098640743,02:24:00,high,2021-12-21
0.515697270699695,14:28:00,high,2021-12-21
0.5157950827328056,03:00:00,high,2021-12-22
0.4814772087889677,15:05:00,high,2021-12-22
0.5035699496175922,03:38:00,high,2021-12-23
0.4352605279798175,15:46:00,high,2021-12-23
0.4842473000998482,04:19:00,high,2021-12-24
0.3806922871836861,16:32:00,high,2021-12-24
0.4619950481241767,05:07:00,high,2021-12-25
0.3256855783997125,17:27:00,high,2021-12-25
0.4441219988485322,06:03:00,high,2021-12-26
0.2848684925113101,18:34:00,high,2021-12-26
0.4421551416348858,07:09:00,high,2021-12-27
0.2780649733007917,19:50:00,high,2021-12-27
0.4675271837505964,08:19:00,high,2021-12-28
0.3163296020110844,21:05:00,high,2021-12-28
0.5210926297740217,09:27:00,high,2021-12-29
0.3901354306646,22:12:00,high,2021-12-29
0.5906367501425751,10:27:00,high,2021-12-30
0.4803253144861075,23:09:00,high,2021-12-30
0.65937376188546,11:22:00,high,2021-12-31
0.5697114369718757,00:00:00,high,2022-01-01
0.7124276987930254,12:13:00,high,2022-01-01
0.6450039956157498,00:47:00,high,2022-01-02
0.7389478209864436,13:01:00,high,2022-01-02
0.6964747757448357,01:33:00,high,2022-01-03
0.7327982615013252,13:47:00,high,2022-01-03
0.7180813137288533,02:17:00,high,2022-01-04
0.6928180740727005,14:32:00,high,2022-01-04
0.7078047436941036,03:01:00,high,2022-01-05
0.6226118888565357,15:16:00,high,2022-01-05
0.6677545489860709,03:45:00,high,2022-01-06
0.5297981796537597,16:01:00,high,2022-01-06
0.6038540968155315,04:29:00,high,2022-01-07
0.4248765876182613,16:47:00,high,2022-01-07
0.5251990437792692,05:16:00,high,2022-01-08
0.3202177852558664,17:36:00,high,2022-01-08
0.4434682627058247,06:08:00,high,2022-01-09
0.2301609568620152,18:34:00,high,2022-01-09
0.3728663033783152,07:07:00,high,2022-01-10
0.1728513935923444,19:47:00,high,2022-01-10
0.3293877731859559,08:17:00,high,2022-01-11
0.1664080674597947,21:10:00,high,2022-01-11
0.3231350579211847,09:28:00,high,2022-01-12
0.2075726293721253,22:22:00,high,2022-01-12
0.3480385286217813,10:28:00,high,2022-01-13
0.2738530169375185,23:16:00,high,2022-01-13
0.3901950130374016,11:18:00,high,2022-01-14
0.3484212972989712,23:58:00,high,2022-01-14
0.4388309456808784,11:59:00,high,2022-01-15
0.4221932552995071,00:35:00,high,2022-01-16
0.486520790898789,12:36:00,high,2022-01-16
0.4895027969953165,01:08:00,high,2022-01-17
0.5273751259397539,13:11:00,high,2022-01-17
0.5464477258026097,01:40:00,high,2022-01-18
0.5564530212119819,13:44:00,high,2022-01-18
0.5903743925308271,02:12:00,high,2022-01-19
0.5697959583238353,14:18:00,high,2022-01-19
0.6193572261326207,02:44:00,high,2022-01-20
0.5645155352375776,14:52:00,high,2022-01-20
0.6315869997205051,03:17:00,high,2022-01-21
0.5389021039632335,15:29:00,high,2022-01-21
0.6251460031896517,03:53:00,high,2022-01-22
0.4928764796702227,16:08:00,high,2022-01-22
0.5987802588885391,04:34:00,high,2022-01-23
0.4292861197855385,16:53:00,high,2022-01-23
0.5541504157786982,05:21:00,high,2022-01-24
0.3567958286137687,17:48:00,high,2022-01-24
0.4999605211861397,06:18:00,high,2022-01-25
0.2953337622891439,18:57:00,high,2022-01-25
0.4572849810780279,07:30:00,high,2022-01-26
0.2793356784122781,20:22:00,high,2022-01-26
0.456039588955361,08:53:00,high,2022-01-27
0.3328953708610028,21:49:00,high,2022-01-27
0.5057930390801724,10:11:00,high,2022-01-28
0.4360958254456527,22:58:00,high,2022-01-28
0.5826600431540901,11:16:00,high,2022-01-29
0.5533547157756491,23:55:00,high,2022-01-29
0.657053193674147,12:10:00,high,2022-01-30
0.6588429057044431,00:43:00,high,2022-01-31
0.7085936173341344,12:58:00,high,2022-01-31
0.736067579222953,01:26:00,high,2022-02-01
0.7261477222900236,13:41:00,high,2022-02-01
0.7755099320259121,02:07:00,high,2022-02-02
0.7061895158279378,14:22:00,high,2022-02-02
0.7738493090482186,02:45:00,high,2022-02-03
0.651381353486373,15:00:00,high,2022-02-03
0.7333641174380592,03:22:00,high,2022-02-04
0.5688866707463258,15:36:00,high,2022-02-04
0.6608121846103674,03:58:00,high,2022-02-05
0.468299188205374,16:12:00,high,2022-02-05
0.5657624712487892,04:34:00,high,2022-02-06
0.3595662407076854,16:48:00,high,2022-02-06
0.4588297482105203,05:11:00,high,2022-02-07
0.2518201968484353,17:28:00,high,2022-02-07
0.350881192072906,05:54:00,high,2022-02-08
0.1554603249100067,18:21:00,high,2022-02-08
0.2560811521383885,06:53:00,high,2022-02-09
0.0959719233307648,19:53:00,high,2022-02-09
0.2049913849249562,08:27:00,high,2022-02-10
0.1254982469668588,21:55:00,high,2022-02-10
0.2305665776958029,10:05:00,high,2022-02-11
0.2186943227170892,23:06:00,high,2022-02-11
0.3030358182733738,11:07:00,high,2022-02-12
0.3258304890743398,23:49:00,high,2022-02-12
0.3888581430077981,11:50:00,high,2022-02-13
0.4312643351290661,00:22:00,high,2022-02-14
0.4731404773223154,12:26:00,high,2022-02-14
0.5282575282233462,00:52:00,high,2022-02-15
0.5472555959274271,12:58:00,high,2022-02-15
0.6123696353054948,01:21:00,high,2022-02-16
0.6048862928871246,13:29:00,high,2022-02-16
0.6798487100410441,01:50:00,high,2022-02-17
0.6410375962924062,14:00:00,high,2022-02-17
0.7266233552384992,02:19:00,high,2022-02-18
0.6516322666173799,14:32:00,high,2022-02-18
0.7478044136385985,02:50:00,high,2022-02-19
0.6334981321341963,15:05:00,high,2022-02-19
0.7381828627480181,03:24:00,high,2022-02-20
0.585012484245591,15:42:00,high,2022-02-20
0.6939632570926587,04:02:00,high,2022-02-21
0.5076607814268375,16:23:00,high,2022-02-21
0.6157285418624481,04:45:00,high,2022-02-22
0.4090787273401779,17:12:00,high,2022-02-22
0.5132348315359442,05:40:00,high,2022-02-23
0.3100373128738196,18:18:00,high,2022-02-23
0.4150135085207829,06:55:00,high,2022-02-24
0.2593152411757048,19:53:00,high,2022-02-24
0.3783963388531867,08:34:00,high,2022-02-25
0.3136911688235971,21:37:00,high,2022-02-25
0.4352480641814101,10:07:00,high,2022-02-26
0.4422238406870383,22:53:00,high,2022-02-26
0.536337722778074,11:15:00,high,2022-02-27
0.5827550352192019,23:47:00,high,2022-02-27
0.6321244096209411,12:06:00,high,2022-02-28
0.7017610419621703,00:32:00,high,2022-03-01
0.698325186077806,12:50:00,high,2022-03-01
0.7824385803544702,01:11:00,high,2022-03-02
0.7252012624605004,13:28:00,high,2022-03-02
0.8175033286200375,01:47:00,high,2022-03-03
0.7119460855646383,14:03:00,high,2022-03-03
0.8069787980884187,02:21:00,high,2022-03-04
0.6637260771448351,14:36:00,high,2022-03-04
0.7565280628136338,02:52:00,high,2022-03-05
0.5890230833801047,15:06:00,high,2022-03-05
0.6752927853278804,03:22:00,high,2022-03-06
0.4969756180677313,15:35:00,high,2022-03-06
0.5733933233760418,03:51:00,high,2022-03-07
0.3952074422069925,16:04:00,high,2022-03-07
0.459741744494251,04:19:00,high,2022-03-08
0.2889404889208027,16:35:00,high,2022-03-08
0.3410666050225739,04:51:00,high,2022-03-09
0.1825825396748193,17:15:00,high,2022-03-09
0.2238524672391167,05:35:00,high,2022-03-10
0.0904486235220866,18:32:00,high,2022-03-10
0.1317842107164455,07:15:00,high,2022-03-11
0.0987468909083352,21:29:00,high,2022-03-11
0.1576641246208637,09:48:00,high,2022-03-12
0.2137929155856326,22:49:00,high,2022-03-12
0.2604920104522965,10:55:00,high,2022-03-13
0.3407532869531484,23:27:00,high,2022-03-13
0.3733512409324368,11:35:00,high,2022-03-14
0.4637270360675294,23:58:00,high,2022-03-14
0.4800644119537871,12:07:00,high,2022-03-15
0.5768408590975518,00:25:00,high,2022-03-16
0.5725649447239871,12:37:00,high,2022-03-16
0.675264041331877,00:53:00,high,2022-03-17
0.6448071527517585,13:07:00,high,2022-03-17
0.753516395956396,01:21:00,high,2022-03-18
0.6915245502542947,13:37:00,high,2022-03-18
0.804840490910313,01:50:00,high,2022-03-19
0.7079045638948378,14:08:00,high,2022-03-19
0.8216950310407625,02:22:00,high,2022-03-20
0.6900295351317596,14:41:00,high,2022-03-20
0.7974365319892406,02:56:00,high,2022-03-21
0.6361172462455826,15:17:00,high,2022-03-21
0.7288594791098175,03:34:00,high,2022-03-22
0.5485039271047095,15:59:00,high,2022-03-22
0.6193061309780167,04:19:00,high,2022-03-23
0.4368653511111899,16:49:00,high,2022-03-23
0.4833293019511986,05:15:00,high,2022-03-24
0.3259652808005429,17:57:00,high,2022-03-24
0.3584678979312692,06:35:00,high,2022-03-25
0.274727857949085,19:39:00,high,2022-03-25
0.3212190743794973,08:28:00,high,2022-03-26
0.3452335120171417,21:27:00,high,2022-03-26
0.3974056446932842,10:03:00,high,2022-03-27
0.4834504595628939,22:39:00,high,2022-03-27
0.5092085440457418,11:06:00,high,2022-03-28
0.6205978045066182,23:30:00,high,2022-03-28
0.6057836758973025,11:53:00,high,2022-03-29
0.7269026172891423,00:11:00,high,2022-03-30
0.668505832689158,12:32:00,high,2022-03-30
0.7902847343427682,00:48:00,high,2022-03-31
0.6926927235311249,13:07:00,high,2022-03-31
0.8082926878349387,01:21:00,high,2022-04-01
0.6811296767138076,13:39:00,high,2022-04-01
0.7850502155169207,01:51:00,high,2022-04-02
0.6405657453385984,14:09:00,high,2022-04-02
0.7286278599490061,02:20:00,high,2022-04-03
0.5787991080596938,14:36:00,high,2022-04-03
0.6482706448136932,02:46:00,high,2022-04-04
0.5023962299833452,15:03:00,high,2022-04-04
0.5519979843354881,03:12:00,high,2022-04-05
0.4156296932646738,15:31:00,high,2022-04-05
0.4453001217963255,03:39:00,high,2022-04-06
0.3210719000607924,16:01:00,high,2022-04-06
0.3314808989481335,04:09:00,high,2022-04-07
0.2222860612878371,16:41:00,high,2022-04-07
0.2144122936824177,04:51:00,high,2022-04-08
0.1333687492127113,17:53:00,high,2022-04-08
0.1137724764857117,06:23:00,high,2022-04-09
0.1275406153544704,20:31:00,high,2022-04-09
0.1307848451620165,09:10:00,high,2022-04-10
0.2354106309394934,22:04:00,high,2022-04-10
0.2399740779935425,10:23:00,high,2022-04-11
0.3634652034410506,22:47:00,high,2022-04-11
0.3596563900222186,11:04:00,high,2022-04-12
0.489901035864666,23:19:00,high,2022-04-12
0.4723978101551068,11:38:00,high,2022-04-13
0.60735639361691,23:49:00,high,2022-04-13
0.570471608534278,12:09:00,high,2022-04-14
0.7091288656664422,00:19:00,high,2022-04-15
0.6478340449495519,12:39:00,high,2022-04-15
0.7872847341457049,00:50:00,high,2022-04-16
0.6987506879569627,13:11:00,high,2022-04-16
0.8329336357577399,01:22:00,high,2022-04-17
0.7179162961325726,13:44:00,high,2022-04-17
0.8378083843433396,01:56:00,high,2022-04-18
0.7015076209876929,14:20:00,high,2022-04-18
0.7965957535934228,02:34:00,high,2022-04-19
0.6488475737847073,14:59:00,high,2022-04-19
0.7094473995631325,03:15:00,high,2022-04-20
0.5644918805228788,15:44:00,high,2022-04-20
0.5845378908573112,04:03:00,high,2022-04-21
0.4613239487558532,16:38:00,high,2022-04-21
0.442062089635508,05:03:00,high,2022-04-22
0.3673819173806819,17:49:00,high,2022-04-22
0.3244151448865042,06:27:00,high,2022-04-23
0.335574800009607,19:27:00,high,2022-04-23
0.2987735553689034,08:16:00,high,2022-04-24
0.4012488921329308,21:04:00,high,2022-04-24
0.3683253581590744,09:45:00,high,2022-04-25
0.514247067701067,22:12:00,high,2022-04-25
0.4629444256557832,10:45:00,high,2022-04-26
0.6206410894920737,23:03:00,high,2022-04-26
0.5422672364808995,11:31:00,high,2022-04-27
0.6969693972970472,23:44:00,high,2022-04-27
0.5932320119421047,12:09:00,high,2022-04-28
0.7359029332503803,00:20:00,high,2022-04-29
0.6144342140178023,12:43:00,high,2022-04-29
0.7386855998976763,00:52:00,high,2022-04-30
0.6097285795602398,13:14:00,high,2022-04-30
0.7111974101004863,01:21:00,high,2022-05-01
0.5846519435215362,13:43:00,high,2022-05-01
0.6608258534915338,01:49:00,high,2022-05-02
0.5440637509728958,14:11:00,high,2022-05-02
0.5940126923528846,02:17:00,high,2022-05-03
0.4911040872870881,14:40:00,high,2022-05-03
0.5149951769227479,02:44:00,high,2022-05-04
0.4276232330916231,15:10:00,high,2022-05-04
0.4260587120067644,03:14:00,high,2022-05-05
0.3558701027009674,15:46:00,high,2022-05-05
0.3292308229222281,03:49:00,high,2022-05-06
0.2814390974376943,16:31:00,high,2022-05-06
0.230022190766903,04:38:00,high,2022-05-07
0.2199218772795846,17:38:00,high,2022-05-07
0.1493384717198333,06:00:00,high,2022-05-08
0.2099729278166924,19:19:00,high,2022-05-08
0.1449503370617734,08:01:00,high,2022-05-09
0.2770992343457787,20:51:00,high,2022-05-09
0.2237320554974833,09:27:00,high,2022-05-10
0.3824815967171767,21:49:00,high,2022-05-10
0.3284507393811565,10:19:00,high,2022-05-11
0.4965817470981321,22:31:00,high,2022-05-11
0.4338867865129939,11:00:00,high,2022-05-12
0.6060860776751191,23:09:00,high,2022-05-12
0.5297627413171165,11:37:00,high,2022-05-13
0.7009426138134064,23:45:00,high,2022-05-13
0.6089408120932054,12:12:00,high,2022-05-14
0.7712762783689588,00:21:00,high,2022-05-15
0.6650437298853746,12:49:00,high,2022-05-15
0.8078806735998091,00:58:00,high,2022-05-16
0.6926579698192489,13:27:00,high,2022-05-16
0.8039338474447089,01:38:00,high,2022-05-17
0.6885051956730649,14:07:00,high,2022-05-17
0.7569642397143248,02:20:00,high,2022-05-18
0.6529315585746567,14:50:00,high,2022-05-18
0.6705256004677888,03:05:00,high,2022-05-19
0.5914295998367374,15:38:00,high,2022-05-19
0.5555355165698083,03:56:00,high,2022-05-20
0.5163287324976868,16:34:00,high,2022-05-20
0.4319674515088015,04:58:00,high,2022-05-21
0.4489312280878095,17:41:00,high,2022-05-21
0.3315667076163072,06:14:00,high,2022-05-22
0.4184785022364747,19:02:00,high,2022-05-22
0.2921916983381449,07:45:00,high,2022-05-23
0.4421674885182978,20:25:00,high,2022-05-23
0.3197734544790138,09:09:00,high,2022-05-24
0.500129785108562,21:33:00,high,2022-05-24
0.3773809726656639,10:13:00,high,2022-05-25
0.5600358761048156,22:28:00,high,2022-05-25
0.4338836713305013,11:02:00,high,2022-05-26
0.6033825417703057,23:12:00,high,2022-05-26
0.4769133373288082,11:43:00,high,2022-05-27
0.6245226629697456,23:50:00,high,2022-05-27
0.5041942342291739,12:19:00,high,2022-05-28
0.6248098102548876,00:24:00,high,2022-05-29
0.5173193410599055,12:52:00,high,2022-05-29
0.6083113704820705,00:56:00,high,2022-05-30
0.5184522090745916,13:23:00,high,2022-05-30
0.5789524767525571,01:26:00,high,2022-05-31
0.5088982847741083,13:54:00,high,2022-05-31
0.5390904203760467,01:57:00,high,2022-06-01
0.489129523489445,14:26:00,high,2022-06-01
0.4895283540020793,02:28:00,high,2022-06-02
0.459738060613508,15:01:00,high,2022-06-02
0.4306047799532748,03:03:00,high,2022-06-03
0.4226775787512873,15:39:00,high,2022-06-03
0.3638528482270899,03:43:00,high,2022-06-04
0.3824594433877275,16:23:00,high,2022-06-04
0.294180943431249,04:31:00,high,2022-06-05
0.3475323079524455,17:16:00,high,2022-06-05
0.2333479735615648,05:33:00,high,2022-06-06
0.3315783804137708,18:21:00,high,2022-06-06
0.2032213910487191,06:51:00,high,2022-06-07
0.3496653257432581,19:33:00,high,2022-06-07
0.2235724005474971,08:14:00,high,2022-06-08
0.4045267443199033,20:41:00,high,2022-06-08
0.2869427899836425,09:23:00,high,2022-06-09
0.4833205027277108,21:38:00,high,2022-06-09
0.3717044993086263,10:19:00,high,2022-06-10
0.5699926409083393,22:29:00,high,2022-06-10
0.4618654694153664,11:06:00,high,2022-06-11
0.6508091436431143,23:15:00,high,2022-06-11
0.5466641742385288,11:50:00,high,2022-06-12
0.7141838975931923,00:00:00,high,2022-06-13
0.6175677491076519,12:34:00,high,2022-06-13
0.750732481096958,00:44:00,high,2022-06-14
0.6675452351629299,13:17:00,high,2022-06-14
0.7541274350998068,01:29:00,high,2022-06-15
0.6916014800656903,14:01:00,high,2022-06-15
0.7221172319681844,02:14:00,high,2022-06-16
0.687674976308254,14:46:00,high,2022-06-16
0.6572223946222053,03:02:00,high,2022-06-17
0.6574202953772171,15:34:00,high,2022-06-17
0.5669285982376402,03:52:00,high,2022-06-18
0.606672514324841,16:25:00,high,2022-06-18
0.4634872756474739,04:46:00,high,2022-06-19
0.5455490967948252,17:21:00,high,2022-06-19
0.3636214590827009,05:47:00,high,2022-06-20
0.4879427099515103,18:24:00,high,2022-06-20
0.2876972826031898,06:58:00,high,2022-06-21
0.4488183715842871,19:33:00,high,2022-06-21
0.254014473472871,08:16:00,high,2022-06-22
0.4365358418984862,20:43:00,high,2022-06-22
0.2642728426962166,09:30:00,high,2022-06-23
0.4458790982018268,21:46:00,high,2022-06-23
0.3013585487953235,10:31:00,high,2022-06-24
0.4645812060575051,22:40:00,high,2022-06-24
0.3480109704617841,11:20:00,high,2022-06-25
0.4837954784644563,23:24:00,high,2022-06-25
0.3951790091042813,12:01:00,high,2022-06-26
0.4998799593330556,00:03:00,high,2022-06-27
0.4388639910751847,12:38:00,high,2022-06-27
0.5116353251084814,00:39:00,high,2022-06-28
0.4766413628419875,13:12:00,high,2022-06-28
0.517905328282877,01:13:00,high,2022-06-29
0.506259363423358,13:45:00,high,2022-06-29
0.5167036744649371,01:46:00,high,2022-06-30
0.5256540072711181,14:17:00,high,2022-06-30
0.5055502527008432,02:20:00,high,2022-07-01
0.5334716678449188,14:51:00,high,2022-07-01
0.4823378774653727,02:55:00,high,2022-07-02
0.5294599152099714,15:26:00,high,2022-07-02
0.446197286402088,03:32:00,high,2022-07-03
0.5145443737506118,16:03:00,high,2022-07-03
0.3982371265918729,04:13:00,high,2022-07-04
0.4908934675539373,16:44:00,high,2022-07-04
0.3425138941645539,05:00:00,high,2022-07-05
0.4626182691783861,17:32:00,high,2022-07-05
0.2879580621010786,05:56:00,high,2022-07-06
0.4376225370403359,18:28:00,high,2022-07-06
0.2512061077565896,07:05:00,high,2022-07-07
0.4292028976259538,19:35:00,high,2022-07-07
0.2542181626057342,08:23:00,high,2022-07-08
0.4510859640887565,20:47:00,high,2022-07-08
0.3064090650019448,09:39:00,high,2022-07-09
0.5044391366040839,21:55:00,high,2022-07-09
0.3942786086347359,10:43:00,high,2022-07-10
0.5756019697286401,22:56:00,high,2022-07-10
0.4971867391647951,11:38:00,high,2022-07-11
0.6466118499996355,23:50:00,high,2022-07-11
0.5976268016034658,12:26:00,high,2022-07-12
0.701856753654262,00:39:00,high,2022-07-13
0.6816006029147301,13:12:00,high,2022-07-13
0.7298365281693713,01:26:00,high,2022-07-14
0.7382819344313963,13:56:00,high,2022-07-14
0.7237985563659814,02:11:00,high,2022-07-15
0.7605631902244072,14:39:00,high,2022-07-15
0.6821194590944403,02:55:00,high,2022-07-16
0.7457999637668945,15:22:00,high,2022-07-16
0.6082528741118954,03:39:00,high,2022-07-17
0.6962008592198886,16:05:00,high,2022-07-17
0.5101213586803793,04:23:00,high,2022-07-18
0.6186601148451966,16:50:00,high,2022-07-18
0.3991544076502673,05:10:00,high,2022-07-19
0.524197910833245,17:38:00,high,2022-07-19
0.2897043016009862,06:02:00,high,2022-07-20
0.4276392133036517,18:32:00,high,2022-07-20
0.2004660448629559,07:08:00,high,2022-07-21
0.3483545052088935,19:38:00,high,2022-07-21
0.1577776344023098,08:33:00,high,2022-07-22
0.3084967027736126,20:57:00,high,2022-07-22
0.1798861743638,10:01:00,high,2022-07-23
0.3155605000982193,22:11:00,high,2022-07-23
0.2452964807286164,11:07:00,high,2022-07-24
0.3529274829538962,23:08:00,high,2022-07-24
0.3254788706207547,11:53:00,high,2022-07-25
0.4028671280711717,23:53:00,high,2022-07-25
0.4068361648773362,12:29:00,high,2022-07-26
0.4551417273761899,00:30:00,high,2022-07-27
0.4825315646171298,13:02:00,high,2022-07-27
0.5029261250859953,01:04:00,high,2022-07-28
0.547781511101894,13:32:00,high,2022-07-28
0.5404283581362505,01:36:00,high,2022-07-29
0.5989116648867255,14:02:00,high,2022-07-29
0.562664979405655,02:08:00,high,2022-07-30
0.6332709628304035,14:32:00,high,2022-07-30
0.5658616862442164,02:39:00,high,2022-07-31
0.6489751562910284,15:02:00,high,2022-07-31
0.5477347068097803,03:12:00,high,2022-08-01
0.6444705507769141,15:34:00,high,2022-08-01
0.5076162381177397,03:47:00,high,2022-08-02
0.6184489853729477,16:10:00,high,2022-08-02
0.4468694246610128,04:26:00,high,2022-08-03
0.5708485266324422,16:50:00,high,2022-08-03
0.3704381887635843,05:12:00,high,2022-08-04
0.5057829735712671,17:39:00,high,2022-08-04
0.2912232373684825,06:11:00,high,2022-08-05
0.437767219275424,18:42:00,high,2022-08-05
0.2396529993920723,07:32:00,high,2022-08-06
0.3999931710879353,20:06:00,high,2022-08-06
0.2619019470984523,09:09:00,high,2022-08-07
0.4277783494820864,21:35:00,high,2022-08-07
0.361894687361447,10:31:00,high,2022-08-08
0.5094380177164586,22:49:00,high,2022-08-08
0.4959622876273774,11:31:00,high,2022-08-09
0.605908377307584,23:47:00,high,2022-08-09
0.6286609919493891,12:20:00,high,2022-08-10
0.687837489465223,00:36:00,high,2022-08-11
0.7377953218247376,13:04:00,high,2022-08-11
0.7377638580744185,01:20:00,high,2022-08-12
0.8088974884468387,13:45:00,high,2022-08-12
0.7469292558987949,02:01:00,high,2022-08-13
0.8339626626544066,14:23:00,high,2022-08-13
0.7137883358276138,02:39:00,high,2022-08-14
0.8114350374248724,15:01:00,high,2022-08-14
0.642845364343169,03:17:00,high,2022-08-15
0.745806662477597,15:37:00,high,2022-08-15
0.5430451976411901,03:53:00,high,2022-08-16
0.6463950973623708,16:13:00,high,2022-08-16
0.4257279070349224,04:29:00,high,2022-08-17
0.5254773062523818,16:50:00,high,2022-08-17
0.3027310923280439,05:07:00,high,2022-08-18
0.3965288052787468,17:30:00,high,2022-08-18
0.1863051720613756,05:55:00,high,2022-08-19
0.2747897369085498,18:22:00,high,2022-08-19
0.098212614611194,07:16:00,high,2022-08-20
0.1891857671497317,19:53:00,high,2022-08-20
0.1028580396553243,09:37:00,high,2022-08-21
0.1943661396345078,21:51:00,high,2022-08-21
0.1984424713529799,11:01:00,high,2022-08-22
0.2662685191867833,23:01:00,high,2022-08-22
0.3108397912698614,11:43:00,high,2022-08-23
0.3550196949190301,23:44:00,high,2022-08-23
0.4208352122680528,12:15:00,high,2022-08-24
0.4431496041902754,00:19:00,high,2022-08-25
0.5215493732579183,12:43:00,high,2022-08-25
0.5217894740859708,00:49:00,high,2022-08-26
0.6081721318326847,13:10:00,high,2022-08-26
0.5842821514192681,01:18:00,high,2022-08-27
0.6768834621683335,13:37:00,high,2022-08-27
0.6254853655794388,01:47:00,high,2022-08-28
0.724359080638612,14:04:00,high,2022-08-28
0.6416935286436868,02:16:00,high,2022-08-29
0.7471385994020727,14:33:00,high,2022-08-29
0.6304215655984807,02:47:00,high,2022-08-30
0.7413210756987801,15:03:00,high,2022-08-30
0.5903342422905377,03:19:00,high,2022-08-31
0.7031996424011504,15:37:00,high,2022-08-31
0.5218488441824608,03:56:00,high,2022-09-01
0.631204921459903,16:15:00,high,2022-09-01
0.4290516409326767,04:39:00,high,2022-09-02
0.5295993926255546,17:02:00,high,2022-09-02
0.3246679633285255,05:35:00,high,2022-09-03
0.4163269164901343,18:06:00,high,2022-09-03
0.2445279702509079,07:00:00,high,2022-09-04
0.341317616598453,19:42:00,high,2022-09-04
0.2617914776823262,08:53:00,high,2022-09-05
0.3716776119082349,21:29:00,high,2022-09-05
0.3859398781284894,10:22:00,high,2022-09-06
0.4785096685769752,22:46:00,high,2022-09-06
0.5426303173656586,11:21:00,high,2022-09-07
0.5954778465591777,23:41:00,high,2022-09-07
0.6863897125738615,12:07:00,high,2022-09-08
0.6883241654974954,00:26:00,high,2022-09-09
0.7944308577859217,12:48:00,high,2022-09-09
0.741453220535071,01:06:00,high,2022-09-10
0.8544991316703895,13:25:00,high,2022-09-10
0.7495301913923393,01:43:00,high,2022-09-11
0.8623945628777198,14:00:00,high,2022-09-11
0.7146012619228745,02:17:00,high,2022-09-12
0.8210253778560533,14:33:00,high,2022-09-12
0.64399695854832,02:50:00,high,2022-09-13
0.7388903003650711,15:05:00,high,2022-09-13
0.5479439983338495,03:21:00,high,2022-09-14
0.6277581184324493,15:35:00,high,2022-09-14
0.4370430721809579,03:51:00,high,2022-09-15
0.4999653399344456,16:05:00,high,2022-09-15
0.320278703093152,04:22:00,high,2022-09-16
0.3661507319668279,16:36:00,high,2022-09-16
0.2047561271845468,05:00:00,high,2022-09-17
0.2349229087746196,17:15:00,high,2022-09-17
0.1021250183846982,06:05:00,high,2022-09-18
0.1230902239376844,18:38:00,high,2022-09-18
0.0867415089925258,09:06:00,high,2022-09-19
0.1249790029751966,21:32:00,high,2022-09-19
0.1995659235375131,10:39:00,high,2022-09-20
0.224995707868606,22:45:00,high,2022-09-20
0.3258830910674896,11:17:00,high,2022-09-21
0.3367143206632007,23:25:00,high,2022-09-21
0.4472729246669742,11:46:00,high,2022-09-22
0.4428388904646939,23:56:00,high,2022-09-22
0.5577328341539671,12:13:00,high,2022-09-23
0.5352717371835101,00:25:00,high,2022-09-24
0.6527476106463298,12:39:00,high,2022-09-24
0.6082121496125278,00:53:00,high,2022-09-25
0.7281100581273622,13:05:00,high,2022-09-25
0.6573085695102462,01:21:00,high,2022-09-26
0.7791295475687507,13:33:00,high,2022-09-26
0.6791419517070633,01:50:00,high,2022-09-27
0.8002826591564403,14:02:00,high,2022-09-27
0.6709311665939539,02:21:00,high,2022-09-28
0.7858230294014094,14:34:00,high,2022-09-28
0.6308936069173381,02:55:00,high,2022-09-29
0.7315188381724457,15:09:00,high,2022-09-29
0.5595561253854177,03:33:00,high,2022-09-30
0.6373627826136128,15:50:00,high,2022-09-30
0.462372057962251,04:18:00,high,2022-10-01
0.5115894791390205,16:39:00,high,2022-10-01
0.3555550019760437,05:17:00,high,2022-10-02
0.3794846490313863,17:49:00,high,2022-10-02
0.282006497353193,06:47:00,high,2022-10-03
0.3044796502144707,19:33:00,high,2022-10-03
0.3159607810265094,08:40:00,high,2022-10-04
0.3517815319019019,21:21:00,high,2022-10-04
0.4461739436562352,10:03:00,high,2022-10-05
0.4654362041339576,22:34:00,high,2022-10-05
0.5946709689444067,11:00:00,high,2022-10-06
0.577631796813899,23:26:00,high,2022-10-06
0.7200235882642484,11:45:00,high,2022-10-07
0.6601176174980596,00:08:00,high,2022-10-08
0.8035711371830404,12:24:00,high,2022-10-08
0.7025745699274688,00:46:00,high,2022-10-09
0.8379870812209589,13:00:00,high,2022-10-09
0.7040428453837987,01:21:00,high,2022-10-10
0.8241186938947915,13:33:00,high,2022-10-10
0.6695324959657016,01:53:00,high,2022-10-11
0.768895008791885,14:04:00,high,2022-10-11
0.6073560613463987,02:23:00,high,2022-10-12
0.682787765531766,14:33:00,high,2022-10-12
0.5265471843421811,02:52:00,high,2022-10-13
0.5769529054088963,15:01:00,high,2022-10-13
0.4347948755355201,03:21:00,high,2022-10-14
0.4607636691436757,15:29:00,high,2022-10-14
0.3376114462755202,03:52:00,high,2022-10-15
0.3406163848903323,15:59:00,high,2022-10-15
0.2397009409332518,04:31:00,high,2022-10-16
0.2211944100000433,16:38:00,high,2022-10-16
0.1523222653421121,05:36:00,high,2022-10-17
0.1158584871005854,17:55:00,high,2022-10-17
0.1298350477092675,07:55:00,high,2022-10-18
0.1052159425754459,20:39:00,high,2022-10-18
0.2207653858965283,09:42:00,high,2022-10-19
0.2008282040481646,22:04:00,high,2022-10-19
0.3396184930762485,10:29:00,high,2022-10-20
0.3130641563219097,22:48:00,high,2022-10-20
0.457390180440748,11:03:00,high,2022-10-21
0.4200283511724703,23:22:00,high,2022-10-21
0.566270883177396,11:33:00,high,2022-10-22
0.513801143781347,23:53:00,high,2022-10-22
0.660974546362913,12:02:00,high,2022-10-23
0.5894473789379641,00:23:00,high,2022-10-24
0.7359711040833765,12:32:00,high,2022-10-24
0.6430451475242176,00:54:00,high,2022-10-25
0.7847927127865308,13:03:00,high,2022-10-25
0.6709675846919437,01:26:00,high,2022-10-26
0.800539288931053,13:35:00,high,2022-10-26
0.6700200777142425,02:00:00,high,2022-10-27
0.7774550772354256,14:11:00,high,2022-10-27
0.638485960557002,02:37:00,high,2022-10-28
0.7132116426607987,14:51:00,high,2022-10-28
0.5779965062078459,03:19:00,high,2022-10-29
0.611570789656434,15:36:00,high,2022-10-29
0.4963802432443153,04:09:00,high,2022-10-30
0.4859142186499264,16:31:00,high,2022-10-30
0.4127601266625169,05:13:00,high,2022-10-31
0.3662345996487883,17:44:00,high,2022-10-31
0.3656783807429736,06:38:00,high,2022-11-01
0.3072588240870775,19:22:00,high,2022-11-01
0.3989671949425355,08:14:00,high,2022-11-02
0.3443388808721809,20:58:00,high,2022-11-02
0.4967568905845592,09:32:00,high,2022-11-03
0.4315063199343582,22:09:00,high,2022-11-03
0.6055039227090201,10:30:00,high,2022-11-04
0.5174809129142081,23:02:00,high,2022-11-04
0.6919699932931378,11:17:00,high,2022-11-05
0.5796757282669763,23:45:00,high,2022-11-05
0.7419737750126215,11:57:00,high,2022-11-06
0.6112114415175036,00:23:00,high,2022-11-07
0.7524296323016328,12:33:00,high,2022-11-07
0.613161510329322,00:58:00,high,2022-11-08
0.727270473499573,13:06:00,high,2022-11-08
0.5906708721993942,01:30:00,high,2022-11-09
0.6743574727627715,13:37:00,high,2022-11-09
0.5501833589716238,02:01:00,high,2022-11-10
0.6025546538353307,14:07:00,high,2022-11-10
0.4974319432467157,02:31:00,high,2022-11-11
0.5193411801779453,14:36:00,high,2022-11-11
0.4365572821326633,03:03:00,high,2022-11-12
0.429648841336047,15:07:00,high,2022-11-12
0.3707077061231028,03:39:00,high,2022-11-13
0.3364776559910536,15:42:00,high,2022-11-13
0.3043292830069358,04:22:00,high,2022-11-14
0.2438346052166845,16:27:00,high,2022-11-14
0.2480404125531389,05:22:00,high,2022-11-15
0.1647188699445074,17:35:00,high,2022-11-15
0.2267773579517442,06:47:00,high,2022-11-16
0.1369351245922574,19:20:00,high,2022-11-16
0.2663151761492233,08:17:00,high,2022-11-17
0.1859090743568663,20:55:00,high,2022-11-17
0.3485929320447771,09:22:00,high,2022-11-18
0.2721764736636633,21:55:00,high,2022-11-18
0.4449582011186453,10:09:00,high,2022-11-19
0.3653805399141255,22:40:00,high,2022-11-19
0.5410961791014994,10:48:00,high,2022-11-20
0.4538293537444004,23:18:00,high,2022-11-20
0.6284169007548286,11:25:00,high,2022-11-21
0.5315400537768734,23:54:00,high,2022-11-21
0.6992317374152874,12:01:00,high,2022-11-22
0.5938298731309923,00:30:00,high,2022-11-23
0.7458341694506335,12:38:00,high,2022-11-23
0.6362415629793209,01:07:00,high,2022-11-24
0.7613234107627145,13:17:00,high,2022-11-24
0.6549239763185974,01:46:00,high,2022-11-25
0.7412258542333623,13:58:00,high,2022-11-25
0.6478265183928683,02:29:00,high,2022-11-26
0.6852909424610616,14:42:00,high,2022-11-26
0.6162753114315318,03:15:00,high,2022-11-27
0.5991061571928221,15:32:00,high,2022-11-27
0.56667470062053,04:07:00,high,2022-11-28
0.4955798801589405,16:28:00,high,2022-11-28
0.5121895510797495,05:07:00,high,2022-11-29
0.3965296484083235,17:35:00,high,2022-11-29
0.4731335486231288,06:18:00,high,2022-11-30
0.3317626174782938,18:55:00,high,2022-11-30
0.4697597063074036,07:36:00,high,2022-12-01
0.3231599755632969,20:19:00,high,2022-12-01
0.5032731420442518,08:50:00,high,2022-12-02
0.3593565903692461,21:33:00,high,2022-12-02
0.5522858121035603,09:53:00,high,2022-12-03
0.4104887148549283,22:32:00,high,2022-12-03
0.5944091849656344,10:45:00,high,2022-12-04
0.4561739041285476,23:20:00,high,2022-12-04
0.6178316058171308,11:30:00,high,2022-12-05
0.4883315026056153,00:02:00,high,2022-12-06
0.6199454596848191,12:09:00,high,2022-12-06
0.5059448827555264,00:39:00,high,2022-12-07
0.6035785915957179,12:45:00,high,2022-12-07
0.5110195112968577,01:14:00,high,2022-12-08
0.5736312928717484,13:18:00,high,2022-12-08
0.5060464176180679,01:47:00,high,2022-12-09
0.534519633280942,13:50:00,high,2022-12-09
0.4927305839213634,02:20:00,high,2022-12-10
0.4888141477219934,14:23:00,high,2022-12-10
0.4719084714001649,02:54:00,high,2022-12-11
0.437297288868451,14:57:00,high,2022-12-11
0.4443599891537389,03:30:00,high,2022-12-12
0.3802113751664622,15:34:00,high,2022-12-12
0.412015399096027,04:11:00,high,2022-12-13
0.3192143067531975,16:17:00,high,2022-12-13
0.3791914170333675,04:57:00,high,2022-12-14
0.259844694894256,17:09:00,high,2022-12-14
0.3537334765736987,05:52:00,high,2022-12-15
0.2144412195509683,18:14:00,high,2022-12-15
0.3470328544712586,06:56:00,high,2022-12-16
0.2015418127285793,19:32:00,high,2022-12-16
0.369058714209909,08:04:00,high,2022-12-17
0.2314481937484663,20:47:00,high,2022-12-17
0.4194686136510809,09:07:00,high,2022-12-18
0.2943682488055795,21:51:00,high,2022-12-18
0.4881928484271424,10:02:00,high,2022-12-19
0.3745566267000718,22:44:00,high,2022-12-19
0.5630511472065555,10:52:00,high,2022-12-20
0.4603993808772869,23:30:00,high,2022-12-20
0.6328626242773899,11:39:00,high,2022-12-21
0.5431095279458934,00:14:00,high,2022-12-22
0.6876182849268457,12:24:00,high,2022-12-22
0.6147712570256545,00:57:00,high,2022-12-23
0.7188438378422175,13:08:00,high,2022-12-23
0.6680739204878687,01:40:00,high,2022-12-24
0.720512339997616,13:54:00,high,2022-12-24
0.6970937168552662,02:25:00,high,2022-12-25
0.6900974975179489,14:40:00,high,2022-12-25
0.6984551421607178,03:11:00,high,2022-12-26
0.6293965165000815,15:27:00,high,2022-12-26
0.6724328518958391,03:59:00,high,2022-12-27
0.5449597962838119,16:18:00,high,2022-12-27
0.623757764711893,04:50:00,high,2022-12-28
0.4482151180261771,17:13:00,high,2022-12-28
0.5620346500126314,05:47:00,high,2022-12-29
0.3555206080822385,18:16:00,high,2022-12-29
0.5014722408382524,06:50:00,high,2022-12-30
0.287445587106371,19:28:00,high,2022-12-30
0.4581914856189825,08:00:00,high,2022-12-31
0.2622321574374337,20:46:00,high,2022-12-31
0.4419487289131963,09:11:00,high,2023-01-01
0.2803076065977555,22:00:00,high,2023-01-01
0.4482282023916452,10:15:00,high,2023-01-02
0.3236089658496109,23:00:00,high,2023-01-02
0.4646783347381081,11:09:00,high,2023-01-03
0.3747824844418538,23:49:00,high,2023-01-03
0.4821380226219789,11:54:00,high,2023-01-04
0.4247476828264012,00:29:00,high,2023-01-05
0.4967556252730518,12:33:00,high,2023-01-05
0.4695203660271294,01:05:00,high,2023-01-06
0.5072250093471902,13:08:00,high,2023-01-06
0.5067904104614078,01:38:00,high,2023-01-07
0.5122141545299724,13:41:00,high,2023-01-07
0.5343907930984049,02:10:00,high,2023-01-08
0.5093651620792483,14:13:00,high,2023-01-08
0.5501764316688919,02:42:00,high,2023-01-09
0.4956780080983676,14:46:00,high,2023-01-09
0.5525384291963829,03:14:00,high,2023-01-10
0.4685780453818718,15:20:00,high,2023-01-10
0.5409151113760974,03:48:00,high,2023-01-11
0.4270144054223386,15:56:00,high,2023-01-11
0.516054884471763,04:24:00,high,2023-01-12
0.372373675116421,16:36:00,high,2023-01-12
0.4803124505588395,05:05:00,high,2023-01-13
0.3096482938517227,17:23:00,high,2023-01-13
0.4387823044124354,05:53:00,high,2023-01-14
0.250062829695385,18:21:00,high,2023-01-14
0.4022029467659315,06:52:00,high,2023-01-15
0.215534326588736,19:36:00,high,2023-01-15
0.3896028477438285,08:05:00,high,2023-01-16
0.2335409438127463,21:01:00,high,2023-01-16
0.4186437774208617,09:22:00,high,2023-01-17
0.3076308480771322,22:16:00,high,2023-01-17
0.4853578514070365,10:31:00,high,2023-01-18
0.4149477966815934,23:16:00,high,2023-01-18
0.5692385107410841,11:28:00,high,2023-01-19
0.5324618829187461,00:06:00,high,2023-01-20
0.6495996874303797,12:19:00,high,2023-01-20
0.6424776171407807,00:51:00,high,2023-01-21
0.7101763042293524,13:05:00,high,2023-01-21
0.7305318810293042,01:35:00,high,2023-01-22
0.7393434305697995,13:50:00,high,2023-01-22
0.7852060091397041,02:17:00,high,2023-01-23
0.7304709726548616,14:33:00,high,2023-01-23
0.7991650362688943,02:58:00,high,2023-01-24
0.6823711227690323,15:15:00,high,2023-01-24
0.7702510008399605,03:40:00,high,2023-01-25
0.5993348218175044,15:58:00,high,2023-01-25
0.7020363866011933,04:23:00,high,2023-01-26
0.4906070311947982,16:43:00,high,2023-01-26
0.603712317774016,05:08:00,high,2023-01-27
0.3696690193547663,17:31:00,high,2023-01-27
0.4897412706868809,05:59:00,high,2023-01-28
0.254698636040282,18:29:00,high,2023-01-28
0.3806432551996632,07:00:00,high,2023-01-29
0.1734341064664297,19:48:00,high,2023-01-29
0.3059718120645471,08:21:00,high,2023-01-30
0.1643969415691438,21:30:00,high,2023-01-30
0.2929223550736115,09:50:00,high,2023-01-31
0.2251706022819799,22:52:00,high,2023-01-31
0.3285228590653041,10:58:00,high,2023-02-01
0.3111051261033278,23:44:00,high,2023-02-01
0.3826410251339122,11:47:00,high,2023-02-02
0.398909644823312,00:23:00,high,2023-02-03
0.439813621113359,12:25:00,high,2023-02-03
0.4803072128415477,00:55:00,high,2023-02-04
0.4929621008061453,12:58:00,high,2023-02-04
0.5506904411459627,01:24:00,high,2023-02-05
0.5367713332538884,13:28:00,high,2023-02-05
0.6062487032290335,01:52:00,high,2023-02-06
0.5660820566578721,13:58:00,high,2023-02-06
0.6437862762540121,02:20:00,high,2023-02-07
0.5763544863745744,14:27:00,high,2023-02-07
0.6609767625222699,02:48:00,high,2023-02-08
0.5644746969742775,14:57:00,high,2023-02-08
0.6563320070508205,03:17:00,high,2023-02-09
0.529199909714191,15:29:00,high,2023-02-09
0.6289482190978573,03:48:00,high,2023-02-10
0.4712796341097359,16:03:00,high,2023-02-10
0.5786158750353624,04:23:00,high,2023-02-11
0.3939048590892022,16:42:00,high,2023-02-11
0.5072384739491017,05:05:00,high,2023-02-12
0.3049827858668073,17:31:00,high,2023-02-12
0.4232895446203656,05:59:00,high,2023-02-13
0.2252366826061164,18:41:00,high,2023-02-13
0.3532185270511211,07:17:00,high,2023-02-14
0.205023836917417,20:22:00,high,2023-02-14
0.3495060379044433,08:57:00,high,2023-02-15
0.2863418975503498,22:00:00,high,2023-02-15
0.4278026435348777,10:22:00,high,2023-02-16
0.4266976481379224,23:07:00,high,2023-02-16
0.5411479263332879,11:25:00,high,2023-02-17
0.5780118089481721,23:58:00,high,2023-02-17
0.6499825666517661,12:14:00,high,2023-02-18
0.7130617939903576,00:41:00,high,2023-02-19
0.7314790465989089,12:58:00,high,2023-02-19
0.8135305545636872,01:21:00,high,2023-02-20
0.7723849145664237,13:39:00,high,2023-02-20
0.8670904500056645,02:00:00,high,2023-02-21
0.766800442229958,14:18:00,high,2023-02-21
0.8678098926047615,02:37:00,high,2023-02-22
0.7155411239434282,14:55:00,high,2023-02-22
0.8166030110072441,03:14:00,high,2023-02-23
0.6252541873744106,15:32:00,high,2023-02-23
0.7207894919325585,03:51:00,high,2023-02-24
0.5068750046002934,16:08:00,high,2023-02-24
0.5926662675336932,04:28:00,high,2023-02-25
0.3737121452356309,16:47:00,high,2023-02-25
0.4475753051956246,05:08:00,high,2023-02-26
0.2403143882950712,17:32:00,high,2023-02-26
0.3031441882190763,05:57:00,high,2023-02-27
0.1272699719465259,18:41:00,high,2023-02-27
0.1878390504881299,07:20:00,high,2023-02-28
0.0970802834637201,21:04:00,high,2023-02-28
0.170874183101431,09:35:00,high,2023-03-01
0.188027286183775,22:49:00,high,2023-03-01
0.2434239882519235,10:55:00,high,2023-03-02
0.3029972480706889,23:34:00,high,2023-03-02
0.3345920023316047,11:39:00,high,2023-03-03
0.4144457036717224,00:05:00,high,2023-03-04
0.424608964367501,12:11:00,high,2023-03-04
0.5157803087619592,00:32:00,high,2023-03-05
0.5056964479993648,12:40:00,high,2023-03-05
0.6024224072217326,00:58:00,high,2023-03-06
0.5715472320230975,13:07:00,high,2023-03-06
0.6704014218307606,01:24:00,high,2023-03-07
0.616715401717864,13:35:00,high,2023-03-07
0.7164567698928622,01:49:00,high,2023-03-08
0.6372290622822058,14:02:00,high,2023-03-08
0.737887741850497,02:16:00,high,2023-03-09
0.630833683133739,14:30:00,high,2023-03-09
0.7321324062902389,02:44:00,high,2023-03-10
0.5967738149065841,15:00:00,high,2023-03-10
0.6966265887100227,03:14:00,high,2023-03-11
0.5356348397493218,15:33:00,high,2023-03-11
0.629594346179868,03:49:00,high,2023-03-12
0.4500373216432946,16:11:00,high,2023-03-12
0.5324100813719387,04:30:00,high,2023-03-13
0.3475779404370899,16:59:00,high,2023-03-13
0.4151953011789274,05:24:00,high,2023-03-14
0.2509325726516469,18:10:00,high,2023-03-14
0.3132631998841911,06:50:00,high,2023-03-15
0.2250601281813393,20:01:00,high,2023-03-15
0.3076435422820511,08:47:00,high,2023-03-16
0.3268125954903977,21:47:00,high,2023-03-16
0.4104357706518446,10:17:00,high,2023-03-17
0.487767841421648,22:52:00,high,2023-03-17
0.5427671274380207,11:16:00,high,2023-03-18
0.6480485774368195,23:41:00,high,2023-03-18
0.6594887522617483,12:02:00,high,2023-03-19
0.7791778738820268,00:22:00,high,2023-03-20
0.7398201655871525,12:43:00,high,2023-03-20
0.8643700738785463,01:01:00,high,2023-03-21
0.773976501730952,13:21:00,high,2023-03-21
0.8948482556217753,01:37:00,high,2023-03-22
0.760018808526754,13:57:00,high,2023-03-22
0.8695254087373291,02:12:00,high,2023-03-23
0.7024573331463247,14:31:00,high,2023-03-23
0.794355630952617,02:46:00,high,2023-03-24
0.610537886384897,15:04:00,high,2023-03-24
0.6806609354533525,03:18:00,high,2023-03-25
0.4960085877505955,15:37:00,high,2023-03-25
0.542599665369514,03:50:00,high,2023-03-26
0.3708189406731195,16:10:00,high,2023-03-26
0.3944153441747059,04:23:00,high,2023-03-27
0.2458019816837008,16:48:00,high,2023-03-27
0.2488127780064506,05:02:00,high,2023-03-28
0.1342987534710616,17:48:00,high,2023-03-28
0.1232729113016999,06:16:00,high,2023-03-29
0.0941919044323716,20:25:00,high,2023-03-29
0.1043544682157167,09:14:00,high,2023-03-30
0.1934185075410961,22:20:00,high,2023-03-30
0.1992633420846061,10:35:00,high,2023-03-31
0.3150126447755265,23:02:00,high,2023-03-31
0.307867861779998,11:14:00,high,2023-04-01
0.431897924974233,23:31:00,high,2023-04-01
0.4118742989250573,11:45:00,high,2023-04-02
0.5376625160060493,23:58:00,high,2023-04-02
0.5034885049655633,12:12:00,high,2023-04-03
0.6277113617652363,00:24:00,high,2023-04-04
0.5767499547953834,12:39:00,high,2023-04-04
0.6982035695979126,00:50:00,high,2023-04-05
0.6273378995469753,13:07:00,high,2023-04-05
0.7456547308455553,01:16:00,high,2023-04-06
0.6525298292356444,13:34:00,high,2023-04-06
0.7664189655267388,01:44:00,high,2023-04-07
0.6507535102341487,14:04:00,high,2023-04-07
0.7565070598501292,02:14:00,high,2023-04-08
0.6212089155837757,14:35:00,high,2023-04-08
0.7122853239767276,02:46:00,high,2023-04-09
0.5642116437048251,15:10:00,high,2023-04-09
0.6323279384526697,03:24:00,high,2023-04-10
0.4828608777624383,15:51:00,high,2023-04-10
0.5206681683571038,04:09:00,high,2023-04-11
0.3872457369804106,16:44:00,high,2023-04-11
0.3934180166556057,05:10:00,high,2023-04-12
0.305733848530405,18:00:00,high,2023-04-12
0.2962829514171344,06:42:00,high,2023-04-13
0.3018980455278169,19:47:00,high,2023-04-13
0.3067965833518816,08:35:00,high,2023-04-14
0.4064644780802147,21:22:00,high,2023-04-14
0.4110494588681597,09:59:00,high,2023-04-15
0.5537320496193462,22:26:00,high,2023-04-15
0.5330071488678793,10:56:00,high,2023-04-16
0.6909633310777676,23:15:00,high,2023-04-16
0.6340097421927346,11:42:00,high,2023-04-17
0.7925506038828869,23:57:00,high,2023-04-17
0.6978439977701983,12:23:00,high,2023-04-18
0.8458677349445572,00:36:00,high,2023-04-19
0.7190124183929381,13:00:00,high,2023-04-19
0.8473188164060288,01:12:00,high,2023-04-20
0.6991871610278259,13:34:00,high,2023-04-20
0.8007689469875048,01:46:00,high,2023-04-21
0.645063466508686,14:08:00,high,2023-04-21
0.7156478131447885,02:18:00,high,2023-04-22
0.5661225125673807,14:40:00,high,2023-04-22
0.6043591801603994,02:49:00,high,2023-04-23
0.4723572434919588,15:12:00,high,2023-04-23
0.4794305203154141,03:20:00,high,2023-04-24
0.3725795243896269,15:46:00,high,2023-04-24
0.3512477720096041,03:52:00,high,2023-04-25
0.27441488629073,16:26:00,high,2023-04-25
0.2277966345699092,04:32:00,high,2023-04-26
0.1891362588825243,17:25:00,high,2023-04-26
0.1218072996632976,05:41:00,high,2023-04-27
0.1539776903794652,19:17:00,high,2023-04-27
0.0913968903952594,08:04:00,high,2023-04-28
0.2171792014746489,21:09:00,high,2023-04-28
